{
  "name": "jasmine-core",
  "homepage": "https://jasmine.github.io",
  "authors": [
    "slackersoft <gregg@slackersoft.net>"
  ],
  "description": "Official packaging of Jasmine's core files",
  "keywords": [
    "test",
    "jasmine",
    "tdd",
    "bdd"
  ],
  "license": "MIT",
  "moduleType": "globals",
  "main": "lib/jasmine-core/jasmine.js",
  "ignore": [
    "**/.*",
    "dist",
    "grunt",
    "node_modules",
    "pkg",
    "release_notes",
    "spec",
    "src",
    "Gemfile",
    "Gemfile.lock",
    "Rakefile",
    "jasmine-core.gemspec",
    "*.sh",
    "*.py",
    "Gruntfile.js",
    "lib/jasmine-core.rb",
    "lib/jasmine-core/boot/",
    "lib/jasmine-core/spec",
    "lib/jasmine-core/version.rb",
    "lib/jasmine-core/*.py",
    "sauce_connect.log"
  ],
  "version": "3.6.0",
  "_release": "3.6.0",
  "_resolution": {
    "type": "version",
    "tag": "v3.6.0",
    "commit": "19bdae4e02f7039990116be9efef4621a7ae5757"
  },
  "_source": "https://github.com/pivotal/jasmine.git",
  "_target": ">=2",
  "_originalSource": "jasmine"
}