{
  "name": "jasmine-jquery",
  "version": "2.0.7",
  "main": "lib/jasmine-jquery.js",
  "ignore": [
    "test",
    "vendor",
    ".*",
    "HISTORY.md",
    "SpecRunner.html"
  ],
  "dependencies": {
    "jasmine": ">=2",
    "jquery": ">=2"
  },
  "homepage": "https://github.com/velesin/jasmine-jquery",
  "_release": "2.0.7",
  "_resolution": {
    "type": "version",
    "tag": "2.0.7",
    "commit": "1ae6fd544c9c4a6bfa0c555649e88e0f1b151a78"
  },
  "_source": "https://github.com/velesin/jasmine-jquery.git",
  "_target": "~2.0.x",
  "_originalSource": "jasmine-jquery"
}