{
  "name": "angular-mocks",
  "version": "1.2.32",
  "license": "MIT",
  "main": "./angular-mocks.js",
  "ignore": [],
  "dependencies": {
    "angular": "1.2.32"
  },
  "homepage": "https://github.com/angular/bower-angular-mocks",
  "_release": "1.2.32",
  "_resolution": {
    "type": "version",
    "tag": "v1.2.32",
    "commit": "cf198669fb80fac902f37dbc7d652a2d2fa01a68"
  },
  "_source": "https://github.com/angular/bower-angular-mocks.git",
  "_target": "~1.2.x",
  "_originalSource": "angular-mocks"
}