{
  "name": "underscore",
  "main": "underscore.js",
  "keywords": [
    "util",
    "functional",
    "server",
    "client",
    "browser"
  ],
  "ignore": [
    "docs",
    "test",
    "*.yml",
    "CNAME",
    "index.html",
    "favicon.ico",
    "CONTRIBUTING.md",
    ".*",
    "package.json",
    "karma.*"
  ],
  "homepage": "https://github.com/jashkenas/underscore",
  "version": "1.10.2",
  "_release": "1.10.2",
  "_resolution": {
    "type": "version",
    "tag": "1.10.2",
    "commit": "2a932470303157072015d5ab7f26d40b9deb4634"
  },
  "_source": "https://github.com/jashkenas/underscore.git",
  "_target": "*",
  "_originalSource": "underscore"
}