{
  "name": "angular-route",
  "version": "1.2.32",
  "license": "MIT",
  "main": "./angular-route.js",
  "ignore": [],
  "dependencies": {
    "angular": "1.2.32"
  },
  "homepage": "https://github.com/angular/bower-angular-route",
  "_release": "1.2.32",
  "_resolution": {
    "type": "version",
    "tag": "v1.2.32",
    "commit": "1c0180fc45e5f50967cb759d36914cadc17b9437"
  },
  "_source": "https://github.com/angular/bower-angular-route.git",
  "_target": "~1.2.x",
  "_originalSource": "angular-route"
}